Objetivo,Valor
Objetivo,87.28528528528533
Objetivo,60.0
Objetivo,40.00000000000001
Objetivo,89.07264957264958
Objetivo,64.92434738826171
Objetivo,87.65835520559925
Objetivo,57.99301803936441
